"Strategy","Risk","Return","Is_Benchmark"
"Max_Return",66.3983607442205,21.5320729509246,"策略"
"Min_Risk",12.7156698417965,12.5176444119371,"策略"
"Trade_Off",52.8871650671907,19.0255550002107,"策略"
"Equal_Weight",16.4095623591745,23.2663893011444,"策略"
"DCA",17.0202898046977,12.6012213358891,"策略"
"Benchmark",19.8752934466578,13.1910440835846,"大盤"
