"Strategy","Risk","Return","Is_Benchmark"
"Max_Return",66.3968346860284,21.5495451014924,"策略"
"Min_Risk",12.7089841360254,12.5403319514197,"策略"
"Trade_Off",52.8871471180934,19.0256726232219,"策略"
"Equal_Weight",16.4095604228811,23.2663896289736,"策略"
"DCA",17.0202901985664,12.60122131971,"策略"
"Benchmark",19.8752934466578,13.1910440835846,"大盤"
