"Strategy","Risk","Return","Is_Benchmark"
"Max_Return",66.3969005349197,21.5492907068826,"策略"
"Min_Risk",12.7078852915455,12.5308307017631,"策略"
"Trade_Off",52.8871844240793,19.0255037049795,"策略"
"Equal_Weight",16.40955860772,23.2663901585326,"策略"
"DCA",17.0202893944519,12.6012213238931,"策略"
"Benchmark",19.8752934466578,13.1910440835846,"大盤"
