"Strategy","Initial","Final","Cumulative_Return","Annual_Return","Sharpe_Ratio","Max_Drawdown","Alpha","Info_Ratio","Win_Rate"
"Max_Return",480000,2286971.05755547,3.76452303657389,0.215492907068826,0.491011936142371,-0.390623956378395,0.0835824662329798,0.27124618111414,0.5625
"Min_Risk",480000,1234279.27319325,1.57141515248595,0.125308307017631,1.00818441951493,-0.0382781903079085,-0.00660213381821451,-0.0856240031843237,0.5
"Trade_Off",480000,1933576.95662967,3.02828532631181,0.190255037049795,0.501620259345093,-0.327459728160681,0.0583445962139491,0.22680378940581,0.375
"Equal_Weight",480000,2558577.99616153,4.33037082533651,0.232663901585326,1.41487912829278,-0.10984715507867,0.10075346074948,0.905871828972589,0.8125
"DCA",480000,1240469.37318653,1.5843111941386,0.126012213238931,1.19672407560441,-0.0900193100112589,-0.00589822759691461,0.675810874589786,0.8125
"Benchmark",480000,1293414.61698175,1.69461378537864,0.131910440835846,0.730617870713388,-0.200163018775994,NA,NA,NA
