"Strategy","Initial","Final","Cumulative_Return","Annual_Return","Sharpe_Ratio","Max_Drawdown","Alpha","Info_Ratio","Win_Rate"
"Max_Return",480000,2284380.70148676,3.75912646143074,0.215320729509246,0.490765553647168,-0.390624286711843,0.0834102886734001,0.271017021630256,0.5625
"Min_Risk",480000,1233122.69125922,1.56900560679004,0.125176444119371,1.00665903381954,-0.0382781866450108,-0.00673399671647434,-0.0862143385046364,0.5
"Trade_Off",480000,1933583.62299434,3.02829921457153,0.190255550002107,0.501621193788114,-0.327459893433223,0.0583451091662608,0.226804594915048,0.375
"Equal_Weight",480000,2558577.85379055,4.33037052873032,0.232663893011444,1.41487879241715,-0.109847204535158,0.100753452175599,0.905871959657516,0.8125
"DCA",480000,1240469.37424376,1.58431119634117,0.126012213358891,1.19672406382187,-0.0900193188907669,-0.00589822747695457,0.675810960184292,0.8125
"Benchmark",480000,1293414.61698175,1.69461378537864,0.131910440835846,0.730617870713388,-0.200163018775994,NA,NA,NA
